{
  "project_info": {
    "project_number": "856809911335",
    "firebase_url": "https://senior-tech-support-app.firebaseio.com",
    "project_id": "senior-tech-support-app",
    "storage_bucket": "senior-tech-support-app.appspot.com"
  },
  "client": [
    {
      "client_info": {
        "mobilesdk_app_id": "1:856809911335:android:5b25ac28d1325dc8a2ca02",
        "android_client_info": {
          "package_name": "mrcof.code.senior_tech_support_app"
        }
      },
      "oauth_client": [
        {
          "client_id": "856809911335-mceokdk5ubead8d0fqu8b37nc303b1pa.apps.googleusercontent.com",
          "client_type": 3
        }
      ],
      "api_key": [
        {
          "current_key": "AIzaSyDWzp57TQLyGOL4NvROC9P8JbT_668OAIk"
        }
      ],
      "services": {
        "appinvite_service": {
          "other_platform_oauth_client": [
            {
              "client_id": "856809911335-mceokdk5ubead8d0fqu8b37nc303b1pa.apps.googleusercontent.com",
              "client_type": 3
            }
          ]
        }
      }
    }
  ],
  "configuration_version": "1"
}